Workbook

Sheet 说明
A1: SSM 指标 × 开放数据集 对照表（2026-10-07 整理）
A3: 符号 | B3: 含义
A4: ✓ | B4: 数据够，而且公式里没有需要人为设定的数值，可以直接算
A5: ◐ | B5: 数据够，但要自己设定参数或阈值（反应时间、最大减速度、TTC 阈值、车辆质量等），结果会随设定变化；要设什么见"需自设什么"一列
A6: △ | B6: 能算，但有条件：条件分 C1、C3–C8 七类（原来的 C2、C9 随 TA、CS 一起删掉了，其余编号不变），见"△条件汇总"表；每个格子的具体原因见批注或"条件明细"表
A7: ≈ | B7: 只能从画面近似，例如用目标在画面里变大的速度估 TTC，不需要真实距离
A8: ◇ | B8: 数据里没有周围物体的 3D 轨迹，要先用 CV（3D 检测、单目深度估计）从画面重建才能算，误差大
A9: ✗ | B9: 缺少必要数据，算不了
A11: 通用说明
B12: 1. ◐ 和"需自设什么"一列：反应时间、最大减速度、TTC 阈值、车辆质量等数值，所有数据集都不提供，需要自己设定、在论文里写明，最好再做敏感性分析。例如 NHTSA 那篇论文（arXiv 2306.14657）里，RSS 的反应时间设成 1.924 秒时，判为"不安全"的状态明显偏多。（RSS 后来已从本表删除。）
B13: 2. delta-V 需要质量：数据集一般只给车型，按车型取典型质量。
B14: 3. 2026-10-13 删掉了 TA 和 CS：它们要先判断"谁在避让"，轨迹数据只能看到减速或打方向，看不出是不是为了避让。想同时从"时间"和"速度"两方面看严重程度时，可以用整段里最小的 TTC（或 2D-TTC）和那一刻的车速代替。
B15: 4. 自车视角数据集里的 3D 框在自车坐标系下，需要先用每帧的自车位姿转到世界坐标系；只能看到传感器范围内、没被遮挡的物体。
B16: 5. 大多数数据集是正常驾驶，危险场景少，算出的指标值大多落在"安全"范围；"危险场景"一行是大致判断。
B17: 6. 判断依据：各数据集论文、官网和第三方文档里的字段说明。写了"未核实/未确认"的地方，使用前请再确认。
B18: 7. 获取方式、许可和链接见"数据集信息"表；每个指标需要哪些数据见"指标所需数据"表。
B19: 8. 2026-10-13 新增"按指标类型分类""按碰撞类型分类"两张表：每个指标的公式、含义、参数、单位、方向和出处，另含间距、速度、加速度等原始运动学量；同时更正了 Waymo 感知一列（物体自带速度和加速度，MTTC、CI 改为 ✓）。

Sheet 按指标类型分类
A1: SSM 按指标类型分类（含原始运动学量），每行标注适用的碰撞类型
A2: 记号：后车 F（通常是自车）、前车 L；d = 间距（后车车头到前车车尾）；v = 速度；Δv = v_F − v_L 接近速度（大于 0 表示在靠近）；a = 加速度；Δa = a_F − a_L；τ、ρ = 反应时间；a_max = 最大刹车减速度（取正数）；W = 车宽；L = 车长；δ = 两车外框最短距离；Δt = 时间步长；μ = 路面摩擦系数；g = 重力加速度
A3: 碰撞类型：● 主要适用（为这类冲突设计或最常用） ○ 可以用（需要扩展，或不是主要用途） 空白 = 不适用
A5: 指标类型 | B5: 指标 | C5: 全称 | D5: 公式 | E5: 公式含义 | F5: 输入数据 | G5: 需要自设的参数 | H5: 单位 | I5: 方向 | J5: 追尾/跟车 | K5: 变道/侧刮 | L5: 交叉/转弯 | M5: 行人/非机动车 | N5: 对向/正面 | O5: 出处
A6: 原始运动学量 | B6: 间距 d | C6: longitudinal gap | D6: d = 前车车尾纵向位置 − 后车车头纵向位置 | E6: 沿行驶方向两车之间还隔多远；最基础的接近程度指标 | F6: 两车位置、车长、行驶方向 | G6: — | H6: m | I6: 越小越危险 | J6: ● | K6: ○ | N6: ○ | O6: —
A7: 原始运动学量 | B7: 最近距离 δ | C7: minimum (2D) distance | D7: δ = 两车外框（矩形）之间的最短距离 | E7: 不分方向，两车车身最近的地方隔多远 | F7: 两车位置、长宽、朝向 | G7: — | H7: m | I7: 越小越危险 | J7: ● | K7: ● | L7: ● | M7: ● | N7: ● | O7: —
A8: 原始运动学量 | B8: 横向间距 | C8: lateral clearance | D8: 横向间距 = |横向偏移| − (W_F + W_L) ÷ 2 | E8: 并排时两车侧面之间隔多远；负数表示横向已经重叠 | F8: 两车位置、车宽、行驶方向 | G8: — | H8: m | I8: 越小越危险 | K8: ● | M8: ○ | N8: ○ | O8: —
A9: 原始运动学量 | B9: 速度 v | C9: speed | D9: v = √(v_x² + v_y²) | E9: 车开多快；本身不是冲突指标，但决定一旦碰撞有多严重 | F9: 速度向量 | G9: — | H9: m/s | I9: 越大越严重（严重度） | J9: ○ | K9: ○ | L9: ○ | M9: ○ | N9: ○ | O9: —
A10: 原始运动学量 | B10: 接近速度 Δv | C10: closing speed | D10: Δv = v_F − v_L（纵向）；二维时 = 两车最短距离 δ 每秒缩短多少 | E10: 两车正以多快的速度靠近；大于 0 表示在靠近 | F10: 两车速度（二维时还要位置、长宽、朝向） | G10: — | H10: m/s | I10: 越大越危险 | J10: ● | K10: ● | L10: ● | M10: ● | N10: ● | O10: —
A11: 原始运动学量 | B11: 纵向加速度 a | C11: longitudinal acceleration | D11: a = dv ÷ dt（负值表示减速） | E11: 加速或刹车有多猛；急刹说明有人在避让 | F11: 速度时间序列（或数据集直接给） | G11: — | H11: m/s² | I11: 减速越猛越危险 | J11: ● | L11: ○ | M11: ○ | O11: —
A12: 原始运动学量 | B12: 急刹事件 | C12: hard-braking event | D12: 急刹 = [a(t) < −a_thr]，按次数或持续时间统计 | E12: 减速超过阈值的时刻；适合用来筛出可疑片段 | F12: 加速度时间序列 | G12: 急刹阈值 a_thr（Google 用 3 m/s²） | H12: 次 / s | I12: 越多越危险 | J12: ● | L12: ○ | M12: ○ | O12: Google Research 2026（HBE 定义）
A13: 原始运动学量 | B13: 横向加速度 a_lat | C13: lateral acceleration | D13: a_lat = v × ω ≈ v² ÷ R（R 为转弯半径） | E13: 转向有多急，例如急打方向、急变道 | F13: 速度、横摆角速度（或转弯半径） | G13: — | H13: m/s² | I13: 绝对值越大越危险 | K13: ● | L13: ○ | O13: —
A14: 原始运动学量 | B14: 加加速度 jerk | C14: jerk | D14: jerk = da ÷ dt | E14: 加速度变化得有多突然，例如猛踩刹车 | F14: 加速度时间序列 | G14: — | H14: m/s³ | I14: 绝对值越大越危险 | J14: ○ | K14: ○ | L14: ○ | O14: —
A15: 原始运动学量 | B15: 横摆角速度 ω | C15: yaw rate | D15: ω = dθ ÷ dt（θ 为车头朝向） | E15: 车头转得有多快，反映突然打方向 | F15: 朝向时间序列 | G15: — | H15: rad/s | I15: 绝对值越大越危险 | K15: ● | L15: ○ | O15: —
A16: 时间类·接近程度 | B16: TTC | C16: time to collision | D16: TTC = d ÷ Δv（Δv > 0；否则记为 ∞） | E16: 两车都保持现在的速度，还剩几秒撞上 | F16: 间距、两车速度 | G16: — | H16: s | I16: 越小越危险 | J16: ● | K16: ○ | L16: ○ | N16: ○ | O16: Hayward 1972
A17: 时间类·接近程度 | B17: RTTC (ITTC) | C17: reciprocal / inverse TTC | D17: RTTC = Δv ÷ d = 1 ÷ TTC（不在靠近时为 0） | E17: TTC 的倒数；不会出现无穷大，排序和求平均方便 | F17: 间距、两车速度 | G17: — | H17: 1/s | I17: 越大越危险 | J17: ● | K17: ○ | L17: ○ | N17: ○ | O17: —
A18: 时间类·接近程度 | B18: MTTC | C18: modified time to collision | D18: 解 d = Δv·t + ½·Δa·t²；MTTC = [−Δv + √(Δv² + 2·Δa·d)] ÷ Δa（取最小正根；Δa = 0 时等于 TTC） | E18: 不假设匀速，假设两车各自保持现在的加速度，还剩几秒撞上 | F18: 间距、两车速度和加速度 | G18: — | H18: s | I18: 越小越危险 | J18: ● | O18: Ozbay 等 2008
A19: 时间类·接近程度 | B19: THW | C19: time headway | D19: THW = d ÷ v_F | E19: 后车按现在的速度，几秒开到前车现在的位置；文献里间距定义不统一，要写明 | F19: 间距、后车速度 | G19: — | H19: s | I19: 越小越危险 | J19: ● | O19: 经典定义（见 Westhofen 目录）
A20: 时间类·接近程度 | B20: 2D-TTC | C20: two-dimensional TTC | D20: TTC_纵 = (s_纵 − L_前) ÷ Δv_纵；TTC_横 = (s_横 − W̄) ÷ Δv_横；2D-TTC = min(TTC_纵, TTC_横)（各自要求到那时另一个方向仍然重叠）。几何版：两车外框第一次重叠的时刻 | E20: 从后面追上还是从侧面刮蹭，取先发生的那个，还剩几秒 | F20: 两车位置、长宽、朝向、速度向量 | G20: — | H20: s | I20: 越小越危险 | J20: ● | K20: ● | L20: ○ | M20: ○ | N20: ○ | O20: Guo、Xie & Keyvan-Ekbatani 2023；演示脚本用的是几何版
A21: 时间类·接近程度 | B21: ACT | C21: anticipated collision time | D21: ACT = δ ÷ (δ 每秒缩短多少)；δ = 两车外框最短距离 | E21: 二维最短距离除以它的缩短速度；追尾、侧刮、对撞、斜角都能用 | F21: 两车位置、长宽、朝向、速度向量 | G21: — | H21: s | I21: 越小越危险 | J21: ● | K21: ● | L21: ● | M21: ○ | N21: ● | O21: Venthuruthiyil & Chunchu 2022
A22: 时间类·接近程度 | B22: PET | C22: post-encroachment time | D22: PET = t_后到者进入冲突区 − t_先到者离开冲突区 | E22: 两个人实际先后经过同一块区域，相差几秒 | F22: 两条完整轨迹、冲突区 | G22: 冲突区的定义 | H22: s | I22: 越小越危险 | K22: ○ | L22: ● | M22: ● | O22: Allen 等 1978
A23: 时间类·接近程度 | B23: GT | C23: gap time | D23: GT = t̂_后到者进入冲突区 − t̂_先到者离开冲突区（t̂ 按当前速度和方向预测） | E23: 预测的 PET；冲突发生之前就能算 | F23: 两车位置、速度、冲突区 | G23: 冲突区的定义 | H23: s | I23: 越小越危险 | K23: ○ | L23: ● | M23: ● | O23: Allen 等 1978
A24: 时间类·避让时机 | B24: TTB | C24: time to brake | D24: TTB = TTC − Δv ÷ (2·a_max)（前车匀速、后车以最大减速度刹车时的化简式；小于 0 记为 −∞） | E24: 最晚还能等几秒再刹车，并且仍然能避免碰撞 | F24: 间距、两车速度 | G24: 最大减速度 a_max | H24: s | I24: 越小越危险 | J24: ● | L24: ○ | O24: TTM 定义（Westhofen 目录）；化简式按定义推导
A25: 时间类·避让时机 | B25: TTS | C25: time to steer | D25: y_req = (W_F + W_L) ÷ 2 − |横向偏移|；TTS = TTC − √(2·y_req ÷ a_lat,max) | E25: 最晚还能等几秒再打方向，并且仍然能避免碰撞 | F25: 间距、横向偏移、车宽、两车速度 | G25: 最大横向加速度 a_lat,max | H25: s | I25: 越小越危险 | J25: ● | K25: ○ | L25: ○ | O25: TTM 定义（Westhofen 目录）；化简式按定义推导
A26: 距离类 | B26: PSD | C26: proportion of stopping distance | D26: PSD = 到冲突点的剩余距离 ÷ [v² ÷ (2·a_max)] | E26: 剩下的距离够不够停车；小于 1 表示刹不住 | F26: 到冲突点的距离、速度 | G26: 最大可接受减速度 a_max | H26: 无单位 | I26: 越小越危险 | J26: ○ | L26: ● | M26: ○ | O26: Allen 等 1978
A27: 距离类 | B27: PICUD | C27: potential index for collision with urgent deceleration | D27: PICUD = v_L² ÷ (2a) + d − [v_F·τ + v_F² ÷ (2a)] | E27: 前车以 a 急刹，自车反应 τ 秒后也以 a 急刹；两车都停下后还剩的距离，小于 0 表示会撞 | F27: 间距、两车速度 | G27: 反应时间 τ、急刹减速度 a | H27: m | I27: 越小越危险 | J27: ● | O27: Uno 等 2002
A28: 距离类 | B28: RCRI | C28: rear-end collision risk index | D28: SSD_L = d + v_L² ÷ (2·a_max)；SSD_F = v_F·τ + v_F² ÷ (2·a_max)；RCRI = 1（危险）若 SSD_F ≥ SSD_L，否则 0 | E28: 比较两车停下的位置，只输出危险 / 不危险 | F28: 间距、两车速度 | G28: 反应时间 τ、最大减速度 a_max | H28: 0 / 1 | I28: 1 表示危险 | J28: ● | O28: Oh 等 2006
A29: 减速度类 | B29: DRAC | C29: deceleration rate to avoid crash | D29: DRAC = Δv² ÷ (2·d)（不在靠近时为 0） | E29: 在间距用完之前把接近速度降到 0，后车至少要多大的减速度 | F29: 间距、两车速度 | G29: — | H29: m/s² | I29: 越大越危险 | J29: ● | K29: ○ | L29: ○ | O29: Almqvist 等 1991
A30: 减速度类 | B30: DST | C30: deceleration to safety time | D30: DST = Δv² ÷ [2·(d − v_L·t_s)] | E30: 不只是不撞，还要留出 t_s 秒安全时距，所需要的减速度 | F30: 间距、两车速度 | G30: 安全时距 t_s（NHTSA 那篇用 1.4 s） | H30: m/s² | I30: 越大越危险 | J30: ● | O30: Hupfer 1997（见 Westhofen 目录）
A31: 减速度类 | B31: CPI | C31: crash potential index | D31: CPI = (1 ÷ T) × Σ_t P(DRAC(t) > MADR) × Δt × b(t)（b(t) 在两车靠近时为 1） | E31: 每一刻"需要的减速度超过车辆刹车能力"的概率，按时间累加再平均 | F31: DRAC 时间序列 | G31: 最大可用减速度 MADR 的分布 | H31: 0–1 | I31: 越大越危险 | J31: ● | O31: Cunto & Saccomanno 2008
A32: 严重度类 | B32: delta-V | C32: change in velocity during a (potential) collision | D32: ΔV_F = m_L ÷ (m_F + m_L) × |v_F − v_L|（v 为速度向量） | E32: 假设撞上后两车粘在一起，各自的速度一下子变多少；轻的一方变化大 | F32: 两车速度向量、质量 | G32: 车辆质量（按车型或外框大小估） | H32: m/s | I32: 越大越严重 | J32: ● | K32: ○ | L32: ● | M32: ○ | N32: ● | O32: 事故重建；Shelby 2011；Extended Delta-V 见 Laureshyn 2017
A33: 严重度类 | B33: CI | C33: crash index (Ozbay et al. 2008) | D33: CI = [(v_F + a_F·MTTC)² − (v_L + a_L·MTTC)²] ÷ 2 × 1 ÷ MTTC | E33: 到撞上那一刻两车速度平方差（碰撞能量）除以还剩的时间；常见引用写法，需核对原文 | F33: 两车速度、加速度、MTTC | G33: — | H33: m²/s³ | I33: 越大越危险 | J33: ● | O33: Ozbay 等 2008（已对照原文 Eq. 7 核实）
A34: 模型预测类 | B34: MPrISM | C34: model predictive instantaneous safety metric | D34: h* = min(对方动作) max(自车动作) 第 n 步两车距离；MPrTTC = 第一个使 h* ≤ C 的时刻 | E34: 对方尽量往你身上撞、你尽量躲的最坏情况下，几秒后会撞上；预测时长内撞不上算安全 | F34: 所有物体的状态 | G34: 车辆运动模型、动作范围、预测时长、碰撞距离 C（原文：1 s、2 m） | H34: s | I34: 越小越危险 | J34: ● | K34: ● | L34: ● | M34: ● | N34: ○ | O34: Weng 等 2020

Sheet 按碰撞类型分类
A1: SSM 按碰撞类型分类（同一个指标可以出现在多个碰撞类型下），每行标注指标类型
A2: 记号：后车 F（通常是自车）、前车 L；d = 间距（后车车头到前车车尾）；v = 速度；Δv = v_F − v_L 接近速度（大于 0 表示在靠近）；a = 加速度；Δa = a_F − a_L；τ、ρ = 反应时间；a_max = 最大刹车减速度（取正数）；W = 车宽；L = 车长；δ = 两车外框最短距离；Δt = 时间步长；μ = 路面摩擦系数；g = 重力加速度
A3: 碰撞类型：● 主要适用（为这类冲突设计或最常用） ○ 可以用（需要扩展，或不是主要用途） 空白 = 不适用
A5: 碰撞类型 | B5: 适用程度 | C5: 指标 | D5: 指标类型 | E5: 公式 | F5: 公式含义 | G5: 需要自设的参数 | H5: 单位 | I5: 方向 | J5: 出处
A6: 追尾/跟车 | B6: ● | C6: 间距 d | D6: 原始运动学量 | E6: d = 前车车尾纵向位置 − 后车车头纵向位置 | F6: 沿行驶方向两车之间还隔多远；最基础的接近程度指标 | G6: — | H6: m | I6: 越小越危险 | J6: —
A7: 追尾/跟车 | B7: ● | C7: 最近距离 δ | D7: 原始运动学量 | E7: δ = 两车外框（矩形）之间的最短距离 | F7: 不分方向，两车车身最近的地方隔多远 | G7: — | H7: m | I7: 越小越危险 | J7: —
A8: 追尾/跟车 | B8: ● | C8: 接近速度 Δv | D8: 原始运动学量 | E8: Δv = v_F − v_L（纵向）；二维时 = 两车最短距离 δ 每秒缩短多少 | F8: 两车正以多快的速度靠近；大于 0 表示在靠近 | G8: — | H8: m/s | I8: 越大越危险 | J8: —
A9: 追尾/跟车 | B9: ● | C9: 纵向加速度 a | D9: 原始运动学量 | E9: a = dv ÷ dt（负值表示减速） | F9: 加速或刹车有多猛；急刹说明有人在避让 | G9: — | H9: m/s² | I9: 减速越猛越危险 | J9: —
A10: 追尾/跟车 | B10: ● | C10: 急刹事件 | D10: 原始运动学量 | E10: 急刹 = [a(t) < −a_thr]，按次数或持续时间统计 | F10: 减速超过阈值的时刻；适合用来筛出可疑片段 | G10: 急刹阈值 a_thr（Google 用 3 m/s²） | H10: 次 / s | I10: 越多越危险 | J10: Google Research 2026（HBE 定义）
A11: 追尾/跟车 | B11: ● | C11: TTC | D11: 时间类·接近程度 | E11: TTC = d ÷ Δv（Δv > 0；否则记为 ∞） | F11: 两车都保持现在的速度，还剩几秒撞上 | G11: — | H11: s | I11: 越小越危险 | J11: Hayward 1972
A12: 追尾/跟车 | B12: ● | C12: RTTC (ITTC) | D12: 时间类·接近程度 | E12: RTTC = Δv ÷ d = 1 ÷ TTC（不在靠近时为 0） | F12: TTC 的倒数；不会出现无穷大，排序和求平均方便 | G12: — | H12: 1/s | I12: 越大越危险 | J12: —
A13: 追尾/跟车 | B13: ● | C13: MTTC | D13: 时间类·接近程度 | E13: 解 d = Δv·t + ½·Δa·t²；MTTC = [−Δv + √(Δv² + 2·Δa·d)] ÷ Δa（取最小正根；Δa = 0 时等于 TTC） | F13: 不假设匀速，假设两车各自保持现在的加速度，还剩几秒撞上 | G13: — | H13: s | I13: 越小越危险 | J13: Ozbay 等 2008
A14: 追尾/跟车 | B14: ● | C14: THW | D14: 时间类·接近程度 | E14: THW = d ÷ v_F | F14: 后车按现在的速度，几秒开到前车现在的位置；文献里间距定义不统一，要写明 | G14: — | H14: s | I14: 越小越危险 | J14: 经典定义（见 Westhofen 目录）
A15: 追尾/跟车 | B15: ● | C15: 2D-TTC | D15: 时间类·接近程度 | E15: TTC_纵 = (s_纵 − L_前) ÷ Δv_纵；TTC_横 = (s_横 − W̄) ÷ Δv_横；2D-TTC = min(TTC_纵, TTC_横)（各自要求到那时另一个方向仍然重叠）。几何版：两车外框第一次重叠的时刻 | F15: 从后面追上还是从侧面刮蹭，取先发生的那个，还剩几秒 | G15: — | H15: s | I15: 越小越危险 | J15: Guo、Xie & Keyvan-Ekbatani 2023；演示脚本用的是几何版
A16: 追尾/跟车 | B16: ● | C16: ACT | D16: 时间类·接近程度 | E16: ACT = δ ÷ (δ 每秒缩短多少)；δ = 两车外框最短距离 | F16: 二维最短距离除以它的缩短速度；追尾、侧刮、对撞、斜角都能用 | G16: — | H16: s | I16: 越小越危险 | J16: Venthuruthiyil & Chunchu 2022
... A91: 对向/正面 | B91: ○ | C91: MPrISM | D91: 模型预测类 | E91: h* = min(对方动作) max(自车动作) 第 n 步两车距离；MPrTTC = 第一个使 h* ≤ C 的时刻 | F91: 对方尽量往你身上撞、你尽量躲的最坏情况下，几秒后会撞上；预测时长内撞不上算安全 | G91: 车辆运动模型、动作范围、预测时长、碰撞距离 C（原文：1 s、2 m） | H91: s | I91: 越小越危险 | J91: Weng 等 2020

Sheet 指标×数据集
A1: ✓ 可直接算 △ 有条件（看批注） ≈ 只能从画面近似 ◇ 需先用 CV 重建轨迹 ✗ 算不了
E2: 无人机 / 路侧俯视 | M2: 自车视角（nuScenes 类） | T2: 危险场景 / 特殊
A3: 指标 | B3: 全称 | C3: 类别 | D3: 需自设什么 | E3: CitySim | F3: NGSIM | G3: highD | H3: exiD | I3: inD / rounD | J3: SinD | K3: INTERACTION | L3: TGSIM | M3: nuScenes | N3: Argoverse 2 传感器 | O3: Waymo 感知 | P3: KITTI 跟踪 | Q3: PandaSet | R3: nuPlan | S3: Waymo 运动预测 | T3: DeepAccident（仿真） | U3: Waymo WOD-E2E | V3: Nexar / DoTA / CCD | W3: 100-Car 公开部分
A4: 图像 / 视频 | E4: 航拍背景图（原始视频是否公开未说明） | F4: ✓ 原始视频可下载 | G4: 每段录像一张航拍背景图 | H4: 每段录像一张航拍背景图 | I4: 每段录像一张航拍背景图 | J4: 4K 无人机拍摄；公开包是否含视频未确认 | K4: 没查到公开视频 | L4: 只有参考图像 | M4: ✓ 自车 6 相机（约 12 Hz） | N4: ✓ 自车 7 环视 + 2 双目相机 | O4: ✓ 自车 5 相机 | P4: ✓ 自车前向双目相机 | Q4: ✓ 自车 6 相机 | R4: ✓ 自车 8 相机（只有 128 小时传感器子集） | S4: 没有原始图像（只有相机特征向量） | T4: ✓ 多车视角相机 + 路侧（仿真画面） | U4: ✓ 自车 8 相机 | V4: ✓ 行车记录仪视频 | W4: 无（视频不公开）
A5: 危险场景（大致判断） | E5: 较多（论文称切入、汇入、分流等事件明显多于其他视频数据集） | F5: 少 | G5: 很少（没有碰撞） | H5: 少（汇入、分流有一些） | I5: 少 | J5: 中（含闯红灯等违规） | K5: 中（交互激烈） | L5: 少 | M5: 少 | N5: 少 | O5: 少 | P5: 少 | Q5: 少 | R5: 少（但总量大） | S5: 中（专门挑选了交互场景） | T5: 多（有真实发生的碰撞，但是仿真） | U5: 多（罕见困难场景） | V5: 多（真实碰撞、险情） | W5: 多（60 起碰撞 + 768 起险情）
A6: TTC | B6: time to collision | C6: 纵向·时间 | E6: ✓ | F6: ✓ | G6: ✓ | H6: ✓ | I6: ✓ | J6: ✓ | K6: ✓ | L6: ✓ | M6: ✓ | N6: ✓ | O6: ✓ | P6: △ | Q6: △ | R6: ✓ | S6: ✓ | T6: ✓ | U6: ≈ | V6: ≈ | W6: ✓
A7: PET | B7: post-encroachment time | C7: 交叉 | E7: ✓ | F7: ✓ | G7: △ | H7: ✓ | I7: ✓ | J7: ✓ | K7: ✓ | L7: ✓ | M7: △ | N7: △ | O7: △ | P7: △ | Q7: △ | R7: ✓ | S7: ✓ | T7: ✓ | U7: ◇ | V7: ◇ | W7: ✗
A8: DRAC | B8: deceleration rate to avoid crash | C8: 纵向·减速度 | E8: ✓ | F8: ✓ | G8: ✓ | H8: ✓ | I8: ✓ | J8: ✓ | K8: ✓ | L8: ✓ | M8: ✓ | N8: ✓ | O8: ✓ | P8: △ | Q8: △ | R8: ✓ | S8: ✓ | T8: ✓ | U8: ◇ | V8: ◇ | W8: ✓
A9: MTTC | B9: modified time to collision | C9: 纵向·时间 | E9: △ | F9: △ | G9: ✓ | H9: ✓ | I9: ✓ | J9: ✓ | K9: △ | L9: △ | M9: △ | N9: △ | O9: ✓ | P9: △ | Q9: △ | R9: △ | S9: △ | T9: ✓ | U9: ◇ | V9: ◇ | W9: △
A10: RTTC (ITTC) | B10: reciprocal of TTC | C10: 纵向·时间 | E10: ✓ | F10: ✓ | G10: ✓ | H10: ✓ | I10: ✓ | J10: ✓ | K10: ✓ | L10: ✓ | M10: ✓ | N10: ✓ | O10: ✓ | P10: △ | Q10: △ | R10: ✓ | S10: ✓ | T10: ✓ | U10: ≈ | V10: ≈ | W10: ✓
A11: 2D-TTC | B11: two-dimensional TTC | C11: 二维 | E11: ✓ | F11: △ | G11: △ | H11: ✓ | I11: ✓ | J11: ✓ | K11: ✓ | L11: △ | M11: ✓ | N11: ✓ | O11: ✓ | P11: ✓ | Q11: ✓ | R11: ✓ | S11: ✓ | T11: ✓ | U11: ◇ | V11: ◇ | W11: ✗
A12: MPrISM | B12: model predictive instantaneous safety metric | C12: 二维·模型预测 | D12: 车辆动力学模型和最坏情况的设定 | E12: ◐ | F12: △ | G12: △ | H12: ◐ | I12: ◐ | J12: ◐ | K12: ◐ | L12: △ | M12: ◐ | N12: ◐ | O12: ◐ | P12: ◐ | Q12: ◐ | R12: ◐ | S12: ◐ | T12: ◐ | U12: ◇ | V12: ◇ | W12: ✗
A13: THW | B13: time headway | C13: 纵向·时间 | E13: ✓ | F13: ✓ | G13: ✓ | H13: ✓ | I13: ✓ | J13: ✓ | K13: ✓ | L13: ✓ | M13: ✓ | N13: ✓ | O13: ✓ | P13: △ | Q13: △ | R13: ✓ | S13: ✓ | T13: ✓ | U13: ◇ | V13: ◇ | W13: ✓
A14: PSD | B14: proportion of stopping distance | C14: 纵向·距离 | D14: 最大可接受减速度 | E14: ◐ | F14: ◐ | G14: ◐ | H14: ◐ | I14: ◐ | J14: ◐ | K14: ◐ | L14: ◐ | M14: ◐ | N14: ◐ | O14: ◐ | P14: △ | Q14: △ | R14: ◐ | S14: ◐ | T14: ◐ | U14: ◇ | V14: ◇ | W14: ◐
A15: PICUD | B15: potential index for collision with urgent deceleration | C15: 纵向·距离 | D15: 反应时间、急刹减速度 | E15: ◐ | F15: ◐ | G15: ◐ | H15: ◐ | I15: ◐ | J15: ◐ | K15: ◐ | L15: ◐ | M15: ◐ | N15: ◐ | O15: ◐ | P15: △ | Q15: △ | R15: ◐ | S15: ◐ | T15: ◐ | U15: ◇ | V15: ◇ | W15: ◐
A16: DST | B16: deceleration to safety time | C16: 纵向·减速度 | D16: 安全时距（NHTSA 那篇用 1.4 秒） | E16: ◐ | F16: ◐ | G16: ◐ | H16: ◐ | I16: ◐ | J16: ◐ | K16: ◐ | L16: ◐ | M16: ◐ | N16: ◐ | O16: ◐ | P16: △ | Q16: △ | R16: ◐ | S16: ◐ | T16: ◐ | U16: ◇ | V16: ◇ | W16: ◐
A17: CPI | B17: crash potential index | C17: 纵向·减速度 | D17: 车辆最大可用减速度的分布 | E17: ◐ | F17: ◐ | G17: ◐ | H17: ◐ | I17: ◐ | J17: ◐ | K17: ◐ | L17: ◐ | M17: △ | N17: △ | O17: △ | P17: △ | Q17: △ | R17: ◐ | S17: △ | T17: ◐ | U17: ◇ | V17: ◇ | W17: ◐
A18: RCRI | B18: rear-end collision risk index | C18: 纵向·距离 | D18: 反应时间、减速度 | E18: ◐ | F18: ◐ | G18: ◐ | H18: ◐ | I18: ◐ | J18: ◐ | K18: ◐ | L18: ◐ | M18: ◐ | N18: ◐ | O18: ◐ | P18: △ | Q18: △ | R18: ◐ | S18: ◐ | T18: ◐ | U18: ◇ | V18: ◇ | W18: ◐
A19: TTB | B19: time to brake | C19: 纵向·避让 | D19: 最大减速度 | E19: ◐ | F19: ◐ | G19: ◐ | H19: ◐ | I19: ◐ | J19: ◐ | K19: ◐ | L19: ◐ | M19: ◐ | N19: ◐ | O19: ◐ | P19: △ | Q19: △ | R19: ◐ | S19: ◐ | T19: ◐ | U19: ◇ | V19: ◇ | W19: ◐
A20: TTS | B20: time to steer | C20: 二维·避让 | D20: 最大横向加速度 | E20: ◐ | F20: △ | G20: △ | H20: ◐ | I20: ◐ | J20: ◐ | K20: ◐ | L20: △ | M20: ◐ | N20: ◐ | O20: ◐ | P20: ◐ | Q20: ◐ | R20: ◐ | S20: ◐ | T20: ◐ | U20: ◇ | V20: ◇ | W20: ✗
A21: CI | B21: crash index (Ozbay et al. 2008) | C21: 纵向·综合 | E21: △ | F21: △ | G21: ✓ | H21: ✓ | I21: ✓ | J21: ✓ | K21: △ | L21: △ | M21: △ | N21: △ | O21: ✓ | P21: △ | Q21: △ | R21: △ | S21: △ | T21: ✓ | U21: ◇ | V21: ◇ | W21: △
A22: GT | B22: gap time | C22: 交叉 | E22: ✓ | F22: ✓ | G22: △ | H22: ✓ | I22: ✓ | J22: ✓ | K22: ✓ | L22: ✓ | M22: △ | N22: △ | O22: △ | P22: △ | Q22: △ | R22: ✓ | S22: ✓ | T22: ✓ | U22: ◇ | V22: ◇ | W22: ✗
A23: ACT | B23: anticipated collision time | C23: 二维 | E23: ✓ | F23: △ | G23: △ | H23: ✓ | I23: ✓ | J23: ✓ | K23: ✓ | L23: △ | M23: ✓ | N23: ✓ | O23: ✓ | P23: ✓ | Q23: ✓ | R23: ✓ | S23: ✓ | T23: ✓ | U23: ◇ | V23: ◇ | W23: ✗
A24: delta-V | B24: change in velocity during a (potential) collision | C24: 严重度 | D24: 车辆质量（按车型取典型值） | E24: △ | F24: ◐ | G24: ◐ | H24: ◐ | I24: ◐ | J24: ◐ | K24: △ | L24: ◐ | M24: ◐ | N24: ◐ | O24: △ | P24: ◐ | Q24: ◐ | R24: △ | S24: △ | T24: ◐ | U24: ◇ | V24: ◇ | W24: △
A26: ✓ 直接算的指标数 | E26: =COUNTIF(E6:E24,"✓") | F26: =COUNTIF(F6:F24,"✓") | G26: =COUNTIF(G6:G24,"✓") | H26: =COUNTIF(H6:H24,"✓") | I26: =COUNTIF(I6:I24,"✓") | J26: =COUNTIF(J6:J24,"✓") | K26: =COUNTIF(K6:K24,"✓") | L26: =COUNTIF(L6:L24,"✓") | ... W26: =COUNTIF(W6:W24,"✓")
A27: ◐ 数据够、需自设参数的指标数 | E27: =COUNTIF(E6:E24,"◐") | F27: =COUNTIF(F6:F24,"◐") | G27: =COUNTIF(G6:G24,"◐") | H27: =COUNTIF(H6:H24,"◐") | I27: =COUNTIF(I6:I24,"◐") | J27: =COUNTIF(J6:J24,"◐") | K27: =COUNTIF(K6:K24,"◐") | L27: =COUNTIF(L6:L24,"◐") | ... W27: =COUNTIF(W6:W24,"◐")
A28: △ 有条件的指标数 | E28: =COUNTIF(E6:E24,"△") | F28: =COUNTIF(F6:F24,"△") | G28: =COUNTIF(G6:G24,"△") | H28: =COUNTIF(H6:H24,"△") | I28: =COUNTIF(I6:I24,"△") | J28: =COUNTIF(J6:J24,"△") | K28: =COUNTIF(K6:K24,"△") | L28: =COUNTIF(L6:L24,"△") | ... W28: =COUNTIF(W6:W24,"△")
A29: ≈ / ◇ 需从画面近似或重建 | E29: =COUNTIF(E6:E24,"≈")+COUNTIF(E6:E24,"◇") | F29: =COUNTIF(F6:F24,"≈")+COUNTIF(F6:F24,"◇") | G29: =COUNTIF(G6:G24,"≈")+COUNTIF(G6:G24,"◇") | H29: =COUNTIF(H6:H24,"≈")+COUNTIF(H6:H24,"◇") | I29: =COUNTIF(I6:I24,"≈")+COUNTIF(I6:I24,"◇") | J29: =COUNTIF(J6:J24,"≈")+COUNTIF(J6:J24,"◇") | K29: =COUNTIF(K6:K24,"≈")+COUNTIF(K6:K24,"◇") | L29: =COUNTIF(L6:L24,"≈")+COUNTIF(L6:L24,"◇") | ... W29: =COUNTIF(W6:W24,"≈")+COUNTIF(W6:W24,"◇")
A30: ✗ 算不了的指标数 | E30: =COUNTIF(E6:E24,"✗") | F30: =COUNTIF(F6:F24,"✗") | G30: =COUNTIF(G6:G24,"✗") | H30: =COUNTIF(H6:H24,"✗") | I30: =COUNTIF(I6:I24,"✗") | J30: =COUNTIF(J6:J24,"✗") | K30: =COUNTIF(K6:K24,"✗") | L30: =COUNTIF(L6:L24,"✗") | ... W30: =COUNTIF(W6:W24,"✗")

Sheet △条件汇总
A1: △（有条件）一共七类条件（原来的 C2、C9 随 TA、CS 一起删掉了，其余编号不变）：是什么、影响哪些指标、怎么处理
A2: 编号 | B2: 条件 | C2: 影响的指标 | D2: 涉及的数据集 | E2: 怎么处理 | F2: 处理后
A3: C1 | B3: 加速度要自己算，或者原始加速度噪声大 | C3: MTTC、CI | D3: CitySim、INTERACTION、TGSIM（未核实）、NGSIM、nuScenes、Argoverse 2、KITTI、PandaSet、nuPlan、Waymo 运动预测（其他车）；100-Car（前车） | E3: 先平滑位置或速度（如 Savitzky–Golay 滤波、卡尔曼平滑），再差分：a(t) ≈ [v(t+Δt) − v(t−Δt)] ÷ 2Δt；检查有没有不合理的大值。自车用 CAN/IMU/GPS 直接给的加速度。 | F3: 一般可变成 ✓
A4: C3 | B4: 没有朝向，或外框只和车道平行 | C4: 2D-TTC、ACT、TTS、MPrISM | D4: NGSIM、highD、TGSIM（未核实） | E4: 用平滑后的速度算朝向：θ = atan2(v_y, v_x)；车速很低时朝向不可靠，沿用前一刻的值。highD 的横向交互只有变道，二维指标能算但场景单一。 | F4: 一般可变成 ✓
A5: C4 | B5: 冲突点少，或冲突不在片段内 | C5: PET、GT | D5: highD（没有路口）、nuScenes、Argoverse 2、Waymo 感知、KITTI、PandaSet（每段只有 8–20 秒） | E5: 变道和汇入时，把目标车道上的一段定义为冲突区；自车视角数据集只保留两车都在片段内经过冲突区的情况。 | F5: 数据本身的限制：能算，但样本少
A6: C5 | B6: 片段短，"累计量"被截断 | C6: CPI | D6: nuScenes、Argoverse 2、Waymo 感知、KITTI、PandaSet、Waymo 运动预测 | E6: 这三个指标是随时间累加的，片段越长数值越大。要除以观测时长（例如每小时、每辆车）再比较；不同数据集之间不要直接比原始值。 | F6: 换算后可用，但跨数据集比较要小心
A7: C6 | B7: 没有车型，或车型分得太粗 | C7: delta-V | D7: CitySim（无车型）、nuPlan（只有"车辆"一类）、Waymo 感知（只有车辆、行人、骑车人、标志四类）、INTERACTION 和 Waymo 运动预测（不分货车）、100-Car（前车车型未知） | E7: 按车长估车型，再取该类车的典型质量（自己设定并在论文里写明）。只比较"相对严重程度"时影响不大。 | F7: 需要假设
A8: C7 | B8: 没有地图，只能按几何位置判断"是不是同一车道的前车" | C8: 所有纵向指标（TTC、RTTC、THW、DRAC、PSD、PICUD、DST、RCRI、TTB、MTTC、CI、CPI） | D8: KITTI、PandaSet | E8: 把其他车转到自车坐标系：在自车前方，且横向偏移小于半个车道宽（约 1.75 米），就当作前车。直路上可靠，弯道和路口容易判断错。 | F8: 直路上可变成 ✓
A9: C8 | B9: 标注频率低：涉及"什么时候"的指标要插值 | C9: CPI、PET、GT（以及整个场景的最小 TTC） | D9: nuScenes（3D 框只有 2 Hz） | E9: 瞬时指标（TTC、DRAC、PICUD、2D-TTC、ACT 等）在每个关键帧可直接算，速度用前后两帧的中心差分（官方 box_velocity 函数）。涉及时间的指标：把 3D 框或 TTC 序列插值到 12 Hz 再算；不插值时，场景最小 TTC 最多被高估约 0.25–0.5 秒。加速度相关的问题见 C1。 | F9: 插值后可用

Sheet 自车图像数据集对比
A1: 有自车图像的数据集对比（2026-10-08）
A2: 数据集 | B2: 自车相机 | C2: 3D 标注（谁标、频率） | D2: 物体类别 | E2: 自车数据 | F2: 地图 / 信号灯 | G2: 有标注 + 图像的量 | H2: 地点 | I2: 危险场景 | J2: 直接算（✓） | K2: 数据够、需自设参数（◐） | L2: 获取 / 许可 / 大小 | M2: 最适合
A3: nuPlan（传感器部分） | B3: 8 个（1920×1080） | C3: 模型自动标注，20 Hz | D3: 7 类；车辆不分车型 | E3: 20 Hz 位姿 + IMU | F3: 高精地图 + 信号灯状态 | G3: 约 128 小时（约 10% 的记录有传感器数据） | H3: 拉斯维加斯、波士顿、匹兹堡、新加坡 | I3: 少，但总量大，有 75 类场景标签可筛 | J3: =COUNTIF(指标×数据集!R6:R24,"✓") | K3: =COUNTIF(指标×数据集!R6:R24,"◐") | L3: 注册；全部传感器数据超过 20 TB | M3: 正式研究的主数据集
A4: Argoverse 2 传感器 | B4: 9 个（7 环视 + 2 双目，2048×1550，20 Hz） | C4: 人工，10 Hz | D4: 30 类（含货车、公交、拖车） | E4: 6 自由度位姿 | F4: 每段一张本地地图 | G4: 4.2 小时（1,000 段 × 约 15 秒） | H4: 美国 6 个城市 | I4: 少 | J4: =COUNTIF(指标×数据集!N6:N24,"✓") | K4: =COUNTIF(指标×数据集!N6:N24,"◐") | L4: CC BY-NC-SA 4.0；约 1 TB | M4: 人工标注、频率高、车型全：算得最准，适合做精度对照
A5: Waymo 感知 | B5: 5 个（前方和两侧） | C5: 人工，10 Hz | D5: 4 类（车辆、行人、骑车人、标志） | E5: 位姿 + 自车速度；每个物体自带速度、加速度（全局坐标系） | F5: v1.4.3 带地图（车道、路缘、人行横道、停车标志等）；v2.0.1 不带 | G5: 约 11 小时（2,030 段 × 20 秒） | H5: 美国多个城市 | I5: 少 | J5: =COUNTIF(指标×数据集!O6:O24,"✓") | K5: =COUNTIF(指标×数据集!O6:O24,"◐") | L5: 注册，限非商业 | M5: 人工标注里规模较大的，但不分车型
A6: nuScenes | B6: 6 个（1600×900，约 12 Hz） | C6: 人工，2 Hz | D6: 23 类（含货车、公交、拖车、工程车） | E6: CAN 总线：IMU 100 Hz、刹车传感器约 800–970 Hz | F6: 地图扩展包 | G6: 约 5.6 小时（1,000 段 × 20 秒，测试集 150 段标注不公开） | H6: 波士顿、新加坡 | I6: 少 | J6: =COUNTIF(指标×数据集!M6:M24,"✓") | K6: =COUNTIF(指标×数据集!M6:M24,"◐") | L6: 注册，限非商业 | M6: 先跑通流程；CV 方向；自车刹车信号最全
A7: KITTI 跟踪 | B7: 前向双目（彩色 + 灰度，10 Hz） | C7: 人工，10 Hz，只标相机视野内 | D7: 8 类（含 Van、Truck、Tram） | E7: GPS/IMU | F7: 无 | G7: 约 8,000 帧训练数据（约 13 分钟） | H7: 德国卡尔斯鲁厄（2011） | I7: 少 | J7: =COUNTIF(指标×数据集!P6:P24,"✓") | K7: =COUNTIF(指标×数据集!P6:P24,"◐") | L7: CC BY-NC-SA 3.0；小 | M7: 入门
A8: PandaSet | B8: 6 个（1920×1080，10 Hz） | C8: 人工，10 Hz | D8: 28 类 | E8: 位姿 | F8: 无 | G8: 约 14 分钟（103 段 × 8 秒） | H8: 旧金山一带 | I8: 少 | J8: =COUNTIF(指标×数据集!Q6:Q24,"✓") | K8: =COUNTIF(指标×数据集!Q6:Q24,"◐") | L8: 研究和商用都免费 | M8: 需要商用许可时
A9: Waymo WOD-E2E | B9: 8 个（360°） | C9: 摘要未提周围物体标注 | D9: — | E9: 自车状态 + 路线 | F9: 未提 | G9: 约 12 小时（4,021 段） | H9: 美国 | I9: 多（罕见困难场景） | J9: =COUNTIF(指标×数据集!U6:U24,"✓") | K9: =COUNTIF(指标×数据集!U6:U24,"◐") | L9: 注册，限非商业 | M9: 只有自车画面的困难场景；指标要自己从画面重建
A10: DeepAccident（仿真） | B10: 多车视角 + 路侧（仿真画面） | C10: 仿真真值 | D10: 未核实 | E10: 仿真 | F10: 仿真地图 | G10: 约 5.7 万帧 | H10: 仿真城市 | I10: 多（有真实发生的碰撞） | J10: =COUNTIF(指标×数据集!T6:T24,"✓") | K10: =COUNTIF(指标×数据集!T6:T24,"◐") | L10: 公开 | M10: 检验指标能不能提前认出碰撞
A11: Nexar / DoTA / CCD | B11: 单个行车记录仪 | C11: 无 3D 标注（DoTA 有 2D 跟踪框） | D11: — | E11: 无 | F11: 无 | G11: Nexar 1,500 段 × 约 40 秒；DoTA 4,677 段；CCD 1,500 段事故 + 3,000 段正常 | H11: 各地 | I11: 多（真实碰撞和险情） | J11: =COUNTIF(指标×数据集!V6:V24,"✓") | K11: =COUNTIF(指标×数据集!V6:V24,"◐") | L11: 公开 | M11: 只能用画面估 TTC；主要用来做验证

Sheet 条件明细
A1: 所有不是 ✓ 的格子：原因（条件编号的含义见"△条件汇总"表）
A2: 数据集 | B2: 指标 | C2: 符号 | D2: 条件编号 | E2: 原因
A3: KITTI 跟踪 | B3: TTC | C3: △ | D3: C7 | E3: [C7] 前后车配对：没有高精地图，只能按几何位置判断是否同车道
A4: PandaSet | B4: TTC | C4: △ | D4: C7 | E4: [C7] 前后车配对：没有高精地图，只能按几何位置判断是否同车道
A5: Waymo WOD-E2E | B5: TTC | C5: ≈ | D5: 画面近似 | E5: 可由目标在画面中变大的速度近似（不需要真实距离）
A6: Nexar / DoTA / CCD | B6: TTC | C6: ≈ | D6: 画面近似 | E6: 可由目标在画面中变大的速度近似（不需要真实距离）
A7: highD | B7: PET | C7: △ | D7: C4 | E7: [C4] 交叉冲突：没有路口，只有变道和汇入
A8: nuScenes | B8: PET | C8: △ | D8: C8 | E8: [C8] 交叉冲突：经过冲突区的时刻只精确到 0.5 秒，需插值；每段只有 20 秒，两车都要在段内经过冲突点
A9: Argoverse 2 传感器 | B9: PET | C9: △ | D9: C4 | E9: [C4] 交叉冲突：每段较短，冲突点要在段内
A10: Waymo 感知 | B10: PET | C10: △ | D10: C4 | E10: [C4] 交叉冲突：每段 20 秒，冲突点要在段内
A11: KITTI 跟踪 | B11: PET | C11: △ | D11: C4 | E11: [C4] 交叉冲突：序列短、路口少
A12: PandaSet | B12: PET | C12: △ | D12: C4 | E12: [C4] 交叉冲突：每段只有 8 秒
A13: Waymo WOD-E2E | B13: PET | C13: ◇ | D13: 需 CV 重建 | E13: 数据里没有周围物体的 3D 轨迹，需先用 CV（3D 检测/单目深度）从画面重建，误差大
... A245: 100-Car 公开部分 | B245: delta-V | C245: △ | D245: C6 自设参数 | E245: [C6] 车型/质量：前车车型未知，按小汽车估质量；[P] 需自设：车辆质量（按车型取典型值）

Sheet 数据集信息
A1: 数据集 | B1: 类型 | C1: 场景 | D1: 图像 / 视频 | E1: 频率 | F1: 主要字段 / 特点 | G1: 危险场景 | H1: 获取方式 / 许可 | I1: 链接 | J1: 未核实 / 注意
A2: CitySim | B2: 无人机俯拍 | C2: 高速交织、汇入汇出；信号路口；环岛（论文称 12 处） | D2: 航拍背景图、车道图、信号配时；原始视频是否公开未说明 | E2: 30 Hz | F2: 旋转外框四角、中心、车头车尾、速度（mph）、朝向、车道编号；没有加速度和车型字段；附 SUMO/CARLA 模型 | G2: 较多 | H2: GitHub + 申请表 | I2: https://github.com/ozheng1993/UCF-SST-CitySim-Dataset | J2: 第三方文档只收到 9 处的数据
A3: NGSIM | B3: 路侧高楼摄像头 | C3: US-101、I-80（高速）；Lankershim、Peachtree（城市路口） | D3: ✓ 原始视频可下载 | E3: 10 Hz | F3: 位置、长宽、车型、速度、加速度、车道、前后车编号、车头间距/时距；没有朝向；轨迹噪声大 | G3: 少 | H3: 美国交通部公开数据，直接下载 | I3: https://catalog.data.gov/dataset/next-generation-simulation-ngsim-vehicle-trajectories-and-supporting-data | J3: 2005–2006 年数据
A4: highD | B4: 无人机俯拍 | C4: 德国高速 6 处，约 16.5 小时 | D4: 每段录像一张航拍背景图 | E4: 25 Hz | F4: 位置、长宽、车型（轿车/货车）、速度、加速度、车道、前后车编号，已算好 DHW/THW/TTC | G4: 很少（无碰撞） | H4: 官网申请，限非商业 | I4: https://www.highd-dataset.com/ | J4: 原始视频不在公开包里（据文件说明推断）
A5: exiD | B5: 无人机俯拍 | C5: 德国高速出入口 | D5: 每段录像一张航拍背景图 | E5: 25 Hz | F5: 朝向、纵横向速度和加速度、lanelet 地图 | G5: 少 | H5: 官网申请，限非商业 | I5: https://www.exid-dataset.com/
A6: inD / rounD | B6: 无人机俯拍 | C6: 德国路口（inD）、环岛（rounD） | D6: 每段录像一张航拍背景图 | E6: 25 Hz | F6: 朝向、长宽、速度、加速度、车型（inD 含行人、自行车）、地图 | G6: 少 | H6: 官网申请，限非商业 | I6: https://www.ind-dataset.com/ ; https://www.round-dataset.com/
A7: SinD | B7: 无人机俯拍（4K） | C7: 中国信号路口（已发布 4 个城市） | D7: 公开包是否含视频未确认 | E7: — | F7: 轨迹、朝向、长宽、速度、加速度、信号灯状态、高精地图；非机动车多 | G7: 中 | H7: 用学校邮箱申请，限非商业 | I7: https://github.com/SOTIF-AVLab/SinD | J7: 字段和频率未逐项核实
A8: INTERACTION | B8: 无人机 / 路侧 | C8: 路口、环岛、汇入 | D8: 没查到公开视频 | E8: 10 Hz | F8: 车辆：位置、速度、朝向、长宽；行人/自行车：位置、速度；lanelet2 地图 | G8: 中 | H8: 申请 | I8: https://interaction-dataset.com/
A9: TGSIM | B9: 直升机 / 路侧多相机 | C9: I-294 自动驾驶车队（L1/L2）、I-90/94、I-395、Foggy Bottom 路口（行人、自行车、滑板车） | D9: 只有参考图像 | E9: — | F9: 轨迹；含自动驾驶车、公交、货车、行人等类型 | G9: 少 | H9: CC0 公开，直接下载 | I9: https://catalog.data.gov/dataset/third-generation-simulation-data-tgsim | J9: 加速度、朝向、频率等字段未逐项核实
A10: nuScenes | B10: 自车视角 | C10: 波士顿、新加坡，1,000 段 × 20 秒（约 5.6 小时） | D10: ✓ 自车 6 相机（约 12 Hz） | E10: 3D 框 2 Hz（关键帧） | F10: 23 类物体（轿车、货车、两种公交、工程车、拖车、摩托、自行车、多种行人等）；3D 框带跟踪编号；官方 box_velocity 函数用前后两帧中心差分算速度；CAN 总线（IMU 100 Hz、位姿 50 Hz、刹车/油门/方向传感器约 800–970 Hz、车速 2 Hz）；雷达带速度；地图扩展包 | G10: 少 | H10: 注册，限非商业 | I10: https://www.nuscenes.org/ | J10: 有 21 段场景没有 CAN 总线数据（官方工具包黑名单）；整个场景的最小 TTC 在 2 Hz 下会被高估，需插值
A11: Argoverse 2 传感器 | B11: 自车视角 | C11: 美国 6 个城市，1,000 段 × 约 15 秒（共 4.2 小时） | D11: ✓ 自车 7 环视 + 2 双目相机（2048×1550，20 Hz） | E11: 3D 框 10 Hz | F11: 人工标注 3D 框 30 类（含货车、公交、拖车等），只标可行驶区域 5 米内的物体；自车 6 自由度位姿；每段一张本地地图；人脸和车牌已模糊 | G11: 少 | H11: CC BY-NC-SA 4.0；解压后约 1 TB | I11: https://argoverse.github.io/user-guide/datasets/sensor.html | J11: 1,000 段里测试集占 150 段
A12: Waymo 感知 | B12: 自车视角 | C12: 美国，2,030 段 × 20 秒（约 11 小时） | D12: ✓ 自车 5 相机（前方和两侧） | E12: 10 Hz | F12: 人工标注 3D 框带跟踪编号，只有车辆、行人、骑车人、标志四类；每个物体自带速度和加速度（全局坐标系）；自车速度随每张相机图给出；每个物体标了在哪个相机里最清楚；另有独立标注的 2D 相机框 | G12: 少 | H12: 注册，限非商业 | I12: https://waymo.com/open/ | J12: v1.4.3（TFRecord）带地图，v2.0.1（parquet）不带地图；只有前方和两侧相机；官方 Python 包只有 Linux 版，v2.0.1 用 pandas 可直接读
A13: KITTI 跟踪 | B13: 自车视角 | C13: 德国卡尔斯鲁厄（2011），21 段训练序列（约 8,000 帧） | D13: ✓ 自车前向双目相机 | E13: 10 Hz | F13: 3D 框带跟踪编号、自车 GPS/IMU（直接给速度和加速度）；没有地图 | G13: 少 | H13: CC BY-NC-SA 3.0 | I13: https://www.cvlibs.net/datasets/kitti/eval_tracking.php
A14: PandaSet | B14: 自车视角 | C14: 旧金山，103 段 × 8 秒（约 14 分钟） | D14: ✓ 自车 6 相机（1920×1080） | E14: 10 Hz | F14: 每帧人工 3D 框（28 类）、自车位姿；没有高精地图 | G14: 少 | H14: 研究和商用都免费 | I14: https://scale.com/open-datasets/pandaset | J14: 官方下载链接有人反映失效
A15: nuPlan | B15: 自车视角 | C15: 4 个城市共 1,312 小时、16,733 段记录（拉斯维加斯占 64%） | D15: ✓ 自车 8 相机（约 10% 的记录有传感器数据，约 128 小时） | E15: 20 Hz（轨迹和自车，官网数据说明） | F15: 自动标注的物体轨迹（类别：车辆、自行车、行人、锥桶、护栏、施工牌、其他）；信号灯状态；路线；地图；75 类场景标签（动态 5、交互 18、区域 8、操作 22、行为 22）；自带 TTC、可行驶区域等评价指标 | G15: 少（但总量大，可按场景标签筛） | H15: 注册；轨迹数据库（v1.0）mini 8.25 GB、val 93.65 GB、test 89.24 GB、train 约 286 GB；传感器数据另行下载 | I15: https://www.nuscenes.org/nuplan | J15: 轨迹平均只有 9.64 秒，较长的交互可能被切成几段；车辆不分车型
A16: Waymo 运动预测 | B16: 自车视角 | C16: 美国，约 10 万段 | D16: 没有原始图像（只有相机特征向量） | E16: 10 Hz | F16: 3D 框（朝向、长宽、速度）、地图、信号灯；专门挑选了交互场景 | G16: 中 | H16: 注册，限非商业 | I16: https://waymo.com/open/
A17: DeepAccident（仿真） | B17: 仿真 | C17: 12 类路口碰撞场景（按 NHTSA 事故类型设计） | D17: ✓ 多车视角相机 + 路侧 | E17: — | F17: 3D 标注；约 5.7 万帧；有真实发生的碰撞 | G17: 多（仿真） | H17: 公开 | I17: https://arxiv.org/abs/2304.01168 | J17: 帧率、场景长度未核实
A18: Waymo WOD-E2E | B18: 自车视角 | C18: 4,021 段罕见困难场景，约 12 小时 | D18: ✓ 自车 8 相机 | E18: — | F18: 自车状态、路线；摘要未提到周围物体 3D 框 | G18: 多 | H18: 注册，限非商业 | I18: https://arxiv.org/abs/2510.26125 | J18: 是否含周围物体标注未确认
A19: Nexar / DoTA / CCD | B19: 行车记录仪 | C19: Nexar 1,500 段（碰撞/险情/正常）；DoTA 4,677 段异常；CCD 1,500 段事故 + 3,000 段正常 | D19: ✓ 视频 | E19: — | F19: 只有画面；Nexar 标了事件时刻和"最早可预判"时刻；DoTA 有异常物体的 2D 跟踪框 | G19: 多（真实） | H19: 公开 | I19: https://arxiv.org/abs/2503.03848 ; https://github.com/MoonBlvd/Detection-of-Traffic-Anomaly
A20: 100-Car 公开部分 | B20: 自然驾驶（车载） | C20: 60 起碰撞 + 768 起险情 | D20: 无（视频不公开） | E20: — | F20: 每个事件的时间序列：加速度、横摆角速度、踏板、雷达测前车距离和相对速度、车道线 | G20: 多（真实） | H20: VTTI 网站 | I20: https://www.vtti.vt.edu/PDFs/NDRS-abstracts/FINAL_Dozza_SAFER100Car.pdf | J20: 访问网址来自会议摘要，未核实是否仍可用

Sheet 指标所需数据
A1: 指标 | B1: 全称 | C1: 类别 | D1: 位置/速度 | E1: 加速度 | F1: 前后车配对 | G1: 带朝向外框 | H1: 交叉路线 | I1: 车型/质量 | J1: 需自设什么 | K1: 备注
A2: TTC | B2: time to collision | C2: 纵向·时间 | D2: ● | F2: ●
A3: PET | B3: post-encroachment time | C3: 交叉 | D3: ● | H3: ● | K3: 有外框时用车身边缘计算更准
A4: DRAC | B4: deceleration rate to avoid crash | C4: 纵向·减速度 | D4: ● | F4: ●
A5: MTTC | B5: modified time to collision | C5: 纵向·时间 | D5: ● | E5: ● | F5: ● | K5: 需要两车加速度
A6: RTTC (ITTC) | B6: reciprocal of TTC | C6: 纵向·时间 | D6: ● | F6: ●
A7: 2D-TTC | B7: two-dimensional TTC | C7: 二维 | D7: ● | G7: ●
A8: MPrISM | B8: model predictive instantaneous safety metric | C8: 二维·模型预测 | D8: ● | G8: ● | J8: 车辆动力学模型和最坏情况的设定 | K8: 需车辆动力学模型和最坏情况设定
A9: THW | B9: time headway | C9: 纵向·时间 | D9: ● | F9: ●
A10: PSD | B10: proportion of stopping distance | C10: 纵向·距离 | D10: ● | F10: ● | J10: 最大可接受减速度 | K10: 需最大可接受减速度
A11: PICUD | B11: potential index for collision with urgent deceleration | C11: 纵向·距离 | D11: ● | F11: ● | J11: 反应时间、急刹减速度 | K11: 需反应时间和急刹减速度
A12: DST | B12: deceleration to safety time | C12: 纵向·减速度 | D12: ● | F12: ● | J12: 安全时距（NHTSA 那篇用 1.4 秒） | K12: 需设定安全时距（NHTSA 那篇用 1.4 秒）
A13: CPI | B13: crash potential index | C13: 纵向·减速度 | D13: ● | F13: ● | J13: 车辆最大可用减速度的分布 | K13: 需车辆最大可用减速度的分布；需连续时间序列
A14: RCRI | B14: rear-end collision risk index | C14: 纵向·距离 | D14: ● | F14: ● | J14: 反应时间、减速度 | K14: 需反应时间和减速度
A15: TTB | B15: time to brake | C15: 纵向·避让 | D15: ● | F15: ● | J15: 最大减速度 | K15: 需最大减速度
A16: TTS | B16: time to steer | C16: 二维·避让 | D16: ● | G16: ● | J16: 最大横向加速度 | K16: 需最大横向加速度
A17: CI | B17: crash index (Ozbay et al. 2008) | C17: 纵向·综合 | D17: ● | E17: ● | F17: ● | K17: 基于 MTTC，需要加速度
A18: GT | B18: gap time | C18: 交叉 | D18: ● | H18: ●
A19: ACT | B19: anticipated collision time | C19: 二维 | D19: ● | G19: ●
A20: delta-V | B20: change in velocity during a (potential) collision | C20: 严重度 | D20: ● | I20: ● | J20: 车辆质量（按车型取典型值） | K20: 按车型取典型质量
A22: ● 必需
